9.045340337332903324e-01,1.981324187703104311e-01,-3.398874537289319764e-01,-4.989541815412608106e-01,-3.706619223985571643e-01,3.472114490577195567e-01,-4.726983495563615301e-01,-3.398874537289319764e-01,-7.876007251952349408e-01,-7.198629946738457352e-01,-6.739695816402049289e-01,-6.766678816605943281e-01,-8.793553060618015671e-01,-9.278986444419804469e-01,-7.208323462450362262e-01,-3.533898220485057196e-01,-9.080412027457092083e-01,-7.199301168385159322e-01,-7.865234614684819547e-01,2.951201162767909114e-01,-6.239511117140204011e-01,8.348005797157498353e-01,-7.646664824984735764e-01,-3.608558341850654494e-01,-3.829438701163082048e-01,-8.610532099023617825e-01,-1.666929235554994060e+00,1.666929235554995392e+00,-3.888521738004465100e-01,-3.504502597027105981e-01,-7.215814193399839871e-01,-8.354330185326123148e-01,-6.660612235267505676e-01
-1.105541596785132974e+00,1.981324187703104311e-01,1.400639934576568990e+00,3.160607638442095024e-01,1.029392621444017664e+00,3.284496010843198643e-01,7.149520361955198355e-01,1.400639934576568990e+00,7.240196257056492612e-01,7.500350703746117009e-01,2.803236313016780890e-01,2.498729675641872816e-01,8.848685054728473443e-01,8.292051297811237065e-01,7.512669430814151728e-01,-1.963276789158365232e-01,8.402696040551156376e-01,7.462290835213009066e-01,7.187937646240993850e-01,-1.358130014638512906e+00,-3.188994788380634660e-01,-1.807357105757902538e+00,6.387767077961628015e-01,-1.598258276147707102e-01,-4.944264666067135772e-02,-5.746781436663686016e-01,-5.401355894478588882e-01,5.401355894478594433e-01,-6.816910501332468231e-02,2.432113519174526894e-01,7.486374234916909343e-01,6.946333075151083225e-01,-3.548324357081975577e-01
-1.105541596785132974e+00,1.981324187703104311e-01,3.780155343258399525e-01,-3.714672098959833635e-01,2.739675078598747815e-01,3.284496010843198643e-01,-4.082548201019493839e-02,3.780155343258399525e-01,-4.126085477970838911e-01,-2.442173781940877031e-01,-6.739695816402049289e-01,-6.766678816605943281e-01,4.438125525891851719e-01,3.999889406579224538e-01,-2.452103396921044842e-01,-5.104519651811749714e-01,-6.723139029523395038e-01,-2.457116525880969626e-01,-4.128705662277388222e-01,-4.030605621272458361e-01,-5.963554871077431097e-01,4.501340340919944838e-01,-4.054560090833649322e-01,-3.401471731174003366e-01,-2.865581614717457315e-01,-8.828215669472463389e-01,-1.790122510493326269e+00,1.790122510493328489e+00,-3.568605258507347999e-01,-3.617912709938770344e-01,-2.449249408314619347e-01,-6.045743664527565286e-01,-1.516125706771912274e+00
9.045340337332903324e-01,-8.136075919717027372e-01,9.873463546444195740e-04,5.943630652271239545e-02,8.984522684227936873e-01,-2.802551041018857408e-02,7.689361446387983356e-01,9.873463546444195740e-04,3.756105891561711263e-01,3.077409597653026907e-01,2.803236313016780890e-01,1.630097629493640343e-01,1.105396481914678430e+00,8.224986268260735534e-01,3.067830681031271656e-01,-1.609886967109859457e+00,3.486799642776937380e-02,3.066032679398846272e-01,3.752943357681527425e-01,1.141554847866894885e-03,-4.024237295761767808e-01,-5.446702704778166870e-01,3.435071554900287483e-01,-2.995698525683558322e-01,-1.646770518163157837e-01,-8.471932950073131074e-01,-1.592275396680741695e+00,1.592275396680743027e+00,-2.419031415613265013e-01,-4.591329702033786903e-02,3.035944823553400895e-01,4.580530953466381283e-01,2.192383112154498714e-01
-1.105541596785132974e+00,1.981324187703104311e-01,2.661876694885817241e+00,4.553633067054324024e-01,1.512864694137887378e+00,4.222588409512968988e-01,2.172522964163670967e+00,2.661876694885817241e+00,8.913267676108324045e-01,2.055290968069354851e-01,2.803236313016780890e-01,2.498729675641872816e-01,8.848685054728473443e-01,8.292051297811237065e-01,2.045209255572418283e-01,1.177966073495019111e-01,4.866786543650611918e-01,1.978350265057457757e-01,8.811836390763588822e-01,-2.584283666024591586e+00,-6.515196286340474430e-01,-1.610977944548646512e+00,8.004702051935959073e-01,2.018504992987133206e-01,-3.852331763679849863e-01,3.584114552072245274e+00,1.753925304445746791e+00,-1.753925304445745459e+00,7.540743058348089306e-03,-2.212379987458765462e-01,2.045093770737100580e-01,1.479586576311660240e+00,3.472288475796252438e+00
9.045340337332903324e-01,1.981324187703104311e-01,-6.786963459332158166e-01,-4.822884802913163238e-01,-5.318192799632109891e-01,2.346403612173428577e-01,-8.505871086592189378e-01,-6.786963459332158166e-01,-7.280934927183647654e-01,-8.245231169578046693e-01,-6.739695816402049289e-01,-6.766678816605943281e-01,-1.099883282503632653e+00,-1.102267721273280987e+00,-8.245114538157185535e-01,-3.533898220485057196e-01,-6.919578446017869977e-01,-8.232497255609424469e-01,-7.266260693159098949e-01,6.310371045668229373e-01,-3.746097967867810241e-01,7.645559437941570335e-01,-7.058285080355394259e-01,-2.695833713365838880e-01,-4.766108156515798111e-01,1.321747644449586145e+00,1.319923777168933832e+00,-1.319923777168932499e+00,-3.176584271144463623e-01,-1.933835779178779413e-01,-8.248279047782820506e-01,-6.133932024657557935e-01,1.603641591121939047e+00
9.045340337332903324e-01,1.981324187703104311e-01,-3.264590525135305787e-01,-4.909891183887515886e-01,-6.325426284410966549e-01,4.128779169646077385e-01,-6.346506748861663327e-01,-3.264590525135305787e-01,-7.579976604711866628e-01,-7.131751661630219008e-01,-6.739695816402049289e-01,-6.766678816605943281e-01,-1.099883282503632653e+00,-1.102267721273280987e+00,-7.142292557816022347e-01,2.748587504821711214e-01,-6.330260196534446271e-01,-7.133438460237406797e-01,-7.569473366821714011e-01,2.825233592110224512e-01,-2.630789525452357225e-01,7.996612203585635736e-01,-7.331106377686057440e-01,-3.059259624048872306e-01,-4.743572296321307280e-01,5.761097619751927024e-01,9.778685828952383696e-01,-9.778685828952377035e-01,-3.593371208761292901e-01,-2.856834051879413305e-01,-7.135572376419182516e-01,-7.807621348309405906e-01,-3.774435339663746447e-01
-1.105541596785132974e+00,1.884365770006998897e+00,-4.338529411419919657e-01,-4.128060529877340956e-01,-3.505172527029983276e-01,1.408311213503658232e-01,-2.837539700049174773e-01,-4.338529411419919657e-01,-5.198072400545309391e-01,-4.375353653443444513e-01,-6.739695816402049289e-01,-6.766678816605943281e-01,-2.177713767363081698e-01,-2.796033587871455950e-01,-4.385751243570001900e-01,-9.816383945791825605e-01,-5.151623697567597748e-01,-4.375774763511487975e-01,-5.186885354360808442e-01,3.944582117671783794e-01,-5.687327148137027999e-01,2.074666271493722514e-01,-5.094860950113578868e-01,-2.479146947559541514e-01,-2.059566217438418834e-01,-6.153115730062743705e-01,-6.595333350826365626e-01,6.595333350826392271e-01,-2.532991840425857788e-01,-2.323030208422845189e-01,-4.387541056802275463e-01,-5.914736265771090018e-01,-7.711457505086765085e-01
-1.105541596785132974e+00,-8.136075919717027372e-01,5.370904410315192612e-01,-1.701711408901771250e-01,5.962822229891365788e-01,-1.405965982505652800e-01,1.605689825509400315e+00,5.370904410315192612e-01,7.050757328660405693e-03,-3.676279848950887719e-02,-6.739695816402049289e-01,-6.766678816605943281e-01,1.987508387682002775e+00,1.902245602589126117e+00,-3.776860401170658438e-02,-6.675141083138441678e-01,-4.169426615095224165e-01,-3.885992217083094474e-02,5.837624848581464236e-03,-5.442703409052989105e-01,-4.302102324515798548e-01,2.074666271493722514e-01,2.201677774186977087e-03,-2.350126346382945264e-01,-2.145023226666378791e-01,-5.516600612889508426e-01,-4.766618323744540309e-01,4.766618323744555852e-01,-1.046014616958158561e-01,4.890713192378385310e-01,-3.761434984657549552e-02,6.697293729065008361e-02,1.919308991872676062e-01
-1.105541596785132974e+00,1.981324187703104311e-01,1.166781875951032332e-01,-5.183694937892520116e-01,-5.418916148109903519e-01,5.066871568315847174e-01,-5.536745122212486381e-01,1.166781875951032332e-01,-8.602103318900933271e-01,-7.774803588347720673e-01,-6.739695816402049289e-01,-6.766678816605943281e-01,-8.793553060618015671e-01,-8.876596267116804162e-01,-7.784657562953000154e-01,1.177966073495019111e-01,-8.098214944984718500e-01,-7.780418723057944685e-01,-8.595745196699288160e-01,-1.567564894361793970e-01,-5.410827547516537939e-01,7.645559437941570335e-01,-8.357909629020936482e-01,-3.732443538678779094e-01,-4.055353394956588420e-01,-9.197943604891045677e-01,-2.017815357519104680e+00,2.017815357519106456e+00,-3.942381472497333839e-01,-3.117947393900874498e-01,-7.778177977855478265e-01,-9.273026855868319318e-01,-9.242912780287948493e-01
-1.105541596785132974e+00,1.981324187703104311e-01,-1.149700636444327823e-01,-3.504173282871116957e-01,-1.490705557472268850e-01,1.408311213503658232e-01,2.560871144277447331e-01,-1.149700636444327823e-01,-3.625882251893379760e-01,-3.811960627034915450e-01,-6.739695816402049289e-01,-6.766678816605943281e-01,2.756599705522928042e-03,-7.214886737759849955e-02,-3.820621364989032487e-01,5.889830367475095141e-01,-3.187229532622851136e-01,-3.815901125380743442e-01,-3.620630159727184494e-01,8.479060537700257305e-02,1.591211416875347728e-01,7.645559437941570335e-01,-3.412954096593912023e-01,-1.347138758755064836e-01,-3.031114000710513623e-01,2.028074796209985986e-01,6.994898622221819018e-01,-6.994898622221812357e-01,-1.965945748415918737e-01,-2.185953430409121878e-01,-3.824873887860049115e-01,-3.225071513471538531e-01,1.729579257668139303e-01
-1.105541596785132974e+00,1.884365770006998897e+00,2.963476134725089306e-01,-5.857643054090310164e-01,-9.649296784180920739e-01,7.036865605522280021e-01,-1.093515596653910738e+00,2.963476134725089306e-01,-1.220756811036520784e+00,-1.155765143840144837e+00,-6.739695816402049289e-01,-6.766678816605943281e-01,-1.320411258945463739e+00,-1.316875815834881447e+00,-1.156552641977043328e+00,1.060169466145517214e+00,-1.183056385837973679e+00,-1.155907364479424437e+00,-1.219840265641622734e+00,-3.390164309837319090e-01,-7.340629321145600850e-01,1.188079699887272689e+00,-1.185060430111694707e+00,-3.939649488000514510e-01,-5.107499712439237394e-01,-8.490950665332614999e-01,-1.602352672065626482e+00,1.602352672065628258e+00,-4.401262365733046855e-01,-3.614429421067162918e-01,-1.156262604409238559e+00,-1.258342933967797617e+00,-8.373016409235146673e-01
-1.105541596785132974e+00,1.981324187703104311e-01,-8.187115863976802688e-01,9.865377648100494279e-02,-1.055580692048198266e+00,2.346403612173428577e-01,-4.187142411130830300e-01,-8.187115863976802688e-01,4.341686989725791479e-01,5.732576187680246127e-01,1.234616844243561218e+00,1.114644426840650127e+00,4.438125525891851719e-01,3.427601154414958717e-01,5.722585305751478613e-01,2.748587504821711214e-01,4.866786543650611918e-01,5.743691613775875338e-01,4.361676480818240109e-01,8.151079558936525915e-01,8.479268627474748632e-01,1.729332526026679251e-01,4.566529683071977042e-01,-1.037994862804481888e-01,1.311870449656902471e+00,-9.854694060157009883e-01,-2.491417645455601182e+00,2.491417645455602958e+00,3.679961147245536801e-01,7.963302882010444561e-01,5.707366052409336143e-01,2.740898569540032303e-01,-9.270576175985845158e-01
-1.105541596785132974e+00,1.981324187703104311e-01,2.963476134725089306e-01,-5.250374027697887191e-01,-5.721086193543285514e-01,7.974958004192049810e-01,-1.012539433989023685e+00,2.963476134725089306e-01,-8.881363591662173596e-01,-8.859502231457235810e-01,-6.739695816402049289e-01,-6.766678816605943281e-01,-1.320411258945463739e+00,-1.316875815834881447e+00,-8.864590272422421258e-01,5.889830367475095141e-01,-7.312457279006819855e-01,-8.861091885578564753e-01,-8.876488609320024592e-01,-3.343344000133063876e-01,-3.746097967867810241e-01,8.348005797157498353e-01,-8.609646547344113054e-01,-3.708186318805466453e-01,-5.056444279748051329e-01,-1.143719859284533513e-01,3.519742495865531007e-01,-3.519742495865518794e-01,-4.160771584552195868e-01,-3.224220312044011050e-01,-8.869450502491204036e-01,-8.617584104566476944e-01,3.456437064152789729e-01
-1.105541596785132974e+00,3.570599121243687613e+00,2.530281076285648134e-01,-2.659728607847944293e-01,2.215913666516050942e-02,1.220692733769661448e-01,-4.187142411130830300e-01,2.530281076285648134e-01,-1.768883455776071589e-01,-2.191849369633585842e-01,-6.739695816402049289e-01,-6.766678816605943281e-01,2.756599705522928042e-03,-2.922724846527837220e-02,-2.199633733395898461e-01,-3.926553578316730603e-02,-3.776547782106274842e-01,-2.202615699509349045e-01,-1.772314300764005202e-01,-2.719409620744720479e-01,-4.857011106076746243e-01,6.953216858531210964e-02,-1.832614812344067201e-01,-6.410644695867745435e-02,-2.234917312563868275e-01,1.308019082137292233e-01,6.318649244867721171e-01,-6.318649244867708958e-01,-1.297206187055211235e-01,-2.018988543760710241e-01,-2.199098739540429059e-01,-1.158450278861980626e-01,2.709295570755538285e-01
-1.105541596785132974e+00,1.981324187703104311e-01,-1.587695812822778718e+00,-3.007615952595046188e-03,-1.289258860516680760e-01,-1.499775222372544403e-01,3.910473855359409834e-01,-1.587695812822778718e+00,2.849636205250414278e-01,1.970250463975730393e-01,2.803236313016780890e-01,2.498729675641872816e-01,6.643405290310162581e-01,6.145970352195231357e-01,1.960165594117255494e-01,-9.816383945791825605e-01,3.884589461178238334e-01,1.998409760751193864e-01,2.889757507965285965e-01,1.568226178207439814e+00,8.769891122044031206e-01,3.806332592829843597e-01,3.111703368762361865e-01,4.715048814132791200e-02,-1.565658742406370388e-02,-1.265656931274466712e-01,3.355988346425226587e-01,-3.355988346425219371e-01,-2.334039260420636267e-06,-1.411618043315723547e-01,1.960112291001115670e-01,3.859711923965813418e-01,3.596395332627360109e-01
-1.105541596785132974e+00,1.981324187703104311e-01,-7.087519734674393446e-01,-5.604876009801167402e-01,-1.156304040526084043e+00,4.222588409512968988e-01,-6.886347833294141907e-01,-7.087519734674393446e-01,-1.055523153132165826e+00,-1.080576734410499062e+00,-6.739695816402049289e-01,-6.766678816605943281e-01,-1.320411258945463739e+00,-1.316875815834881447e+00,-1.081302216610681155e+00,2.748587504821711214e-01,-9.669730276940515790e-01,-1.080099816674523039e+00,-1.054069026922431096e+00,6.547062147374969054e-01,-5.134055667624221053e-01,1.081734596981275942e+00,-1.023029446231307649e+00,-3.814651661553186135e-01,-5.200710616710776391e-01,-1.361591033547404628e-02,4.775629277656932570e-01,-4.775629277656920357e-01,-4.277758152570483308e-01,-3.305212659668309017e-01,-1.080967000915503684e+00,-1.002807769080133138e+00,1.261342697771169474e+00
9.045340337332903324e-01,1.981324187703104311e-01,8.636704914341845063e-01,-4.034404273876407432e-01,-1.490705557472268850e-01,6.098773206852510231e-01,-2.837539700049174773e-01,8.636704914341845063e-01,-4.947466808779540925e-01,-5.426194960235384279e-01,-6.739695816402049289e-01,-6.766678816605943281e-01,-6.588273296199703699e-01,-6.945123416062398691e-01,-5.435523708952407773e-01,2.159604468074201922e+00,-2.990790116128376197e-01,-5.443746261396340547e-01,-4.956449147397455901e-01,-8.833612706840108242e-01,2.158917877748966208e-01,7.996612203585635736e-01,-4.686980857712392257e-01,-3.406097262466543651e-01,-4.992239094527511356e-01,5.944228306345344937e-01,9.890720601070367435e-01,-9.890720601070371876e-01,-3.964845831741394266e-01,-3.311477266294929334e-01,-5.437028493431323994e-01,-4.236629642051081834e-01,5.693624043292105918e-01
-1.105541596785132974e+00,-8.136075919717027372e-01,4.348280010064618506e-01,-6.947812349643006646e-02,5.862098881413572160e-01,3.284496010843198643e-01,6.714273487633136417e-02,4.348280010064618506e-01,1.797312835807760578e-01,3.432597278803776186e-01,2.803236313016780890e-01,2.498729675641872816e-01,-2.177713767363081698e-01,-2.438353430268787869e-01,3.422495882788136323e-01,1.688418038676194000e+00,4.670347127156136979e-01,3.408849760701736509e-01,1.784930036917661555e-01,-4.350085194348740636e-01,9.643520844223358868e-01,3.459331376268974245e-01,2.038170758233497915e-01,-1.741027359662597751e-01,-2.645463484544252064e-01,-1.656732018061274903e-01,2.811826522371556059e-01,-2.811826522371541071e-01,-2.201280880893304315e-01,-2.478392815546665851e-01,3.421444129703235526e-01,-1.063155856858398994e-02,-1.142526892181384923e+00
-1.105541596785132974e+00,1.981324187703104311e-01,1.223100976199732237e+00,7.018986836039073363e-02,2.215913666516050942e-02,6.578372945678845340e-02,3.640553313142710357e-01,1.223100976199732237e+00,3.922344371942927954e-01,5.989539755700293289e-02,2.803236313016780890e-01,1.900961385819432969e-01,-4.382993531781392837e-01,-5.138261716688924396e-01,6.011625398469827575e-02,5.889830367475095141e-01,3.491710628189289012e-01,5.732863246415564190e-02,3.884600178324275066e-01,-1.201633645125284700e+00,-4.579693459697842806e-01,-1.148433008027127444e+00,3.425679307901701720e-01,-2.679993695074515681e-01,-5.147560376873637766e-01,4.855495239203647451e+00,1.864018765692985413e+00,-1.864018765692984525e+00,-3.107206506126911072e-01,-1.221285656046899454e-01,5.715703471012642534e-02,7.127630756603113849e-01,1.887207280804959142e+00
9.045340337332903324e-01,-8.136075919717027372e-01,-2.193206748024994379e+00,-4.511111069335708157e-01,-1.861367479871284036e+00,-4.678735838358824561e-02,-1.228475867762076401e+00,-2.193206748024994379e+00,-6.291832765273817074e-01,-6.444239652933672069e-01,-6.739695816402049289e-01,-6.766678816605943281e-01,-8.793553060618015671e-01,-9.019668330157869507e-01,-6.452488356715891937e-01,-1.924011253375197850e+00,-5.151623697567597748e-01,-6.420141408133778205e-01,-6.256399591286723183e-01,2.133103999959781838e+00,-4.579693459697842806e-01,3.459331376268974245e-01,-6.142162384794921381e-01,-3.218885835221864666e-01,-5.134003888549522054e-01,2.266449712297159191e+00,1.563138909997712878e+00,-1.563138909997712211e+00,-3.591611480716391802e-01,-1.889659917078147511e-01,-6.453761570070150055e-01,-5.888693879118600538e-01,3.210390055211207461e-01
-1.105541596785132974e+00,-8.136075919717027372e-01,5.370904410315192612e-01,-5.035653876604729851e-01,-5.318192799632109891e-01,5.160680808182739332e-01,-5.266824579996399747e-01,5.370904410315192612e-01,-8.032650225538989774e-01,-8.806177874318881216e-01,-6.739695816402049289e-01,-6.766678816605943281e-01,-1.099883282503632653e+00,-1.102267721273280987e+00,-8.806650771243172970e-01,1.374293752410855607e+00,-7.116017862512344916e-01,-8.805436655665156431e-01,-8.031534843606236151e-01,-5.698433461895570096e-01,-5.963554871077431097e-01,5.197691748262052158e-01,-7.826976654886552698e-01,-2.924336993683472885e-01,-4.967019659658415964e-01,1.804174877312900049e+00,1.461062028470916152e+00,-1.461062028470915264e+00,-3.300681986003665691e-01,-1.580356013892200984e-01,-8.808836414298649720e-01,-7.050342055522601514e-01,1.502487513805415009e+00
9.045340337332903324e-01,-8.136075919717027372e-01,8.295723962987688882e-02,-3.124106493847287475e-02,5.559928835979731643e-01,1.408311213503658232e-01,2.560871144277447331e-01,8.295723962987688882e-02,2.400010093090368390e-01,1.103402295507962955e-01,-1.968229751692634200e-01,-2.288398045352831867e-01,8.848685054728473443e-01,7.576690982605902569e-01,1.230134950430247787e-01,5.889830367475095141e-01,2.705952962211390367e-01,1.227631798271511393e-01,2.395887943177387736e-01,-8.561851061750186398e-02,5.589084060307806245e-01,2.074666271493722514e-01,2.498610545719309184e-01,-2.732583728755171859e-01,-3.556631921157476506e-01,-3.266467136313905839e-01,2.160552482970203025e-02,-2.160552482970126351e-02,-3.131349985066056996e-01,-2.891043594286565321e-01,1.084156239086008222e-01,3.833225660107495436e-01,6.580523151965250728e-01
9.045340337332903324e-01,-8.136075919717027372e-01,4.454803385090735923e-01,-1.138490195209065220e-01,3.545461866422017216e-01,-1.030729023037659370e-01,1.470729554401234651e+00,4.454803385090735923e-01,1.040157679976977112e-01,2.033652928094211998e-01,-1.968229751692634200e-01,-2.432858715393255433e-01,1.766980411240171689e+00,1.493797938746080023e+00,2.023645104339041878e-01,-1.963276789158365232e-01,7.415587972666430605e-02,2.011543137976311568e-01,1.028645414191364515e-01,-4.493509842061254589e-01,5.014524060639407033e-01,4.849347843768005428e-01,1.143615634144295456e-01,-1.846373125787630076e-01,-2.439779795757580083e-01,-2.797307190218085715e-01,1.038662463845644868e-01,-1.038662463845634737e-01,-2.233730307789252578e-01,-2.512795092463123159e-01,2.003624630294525977e-01,1.301125442669277300e-03,-7.621543597067795828e-01
-1.105541596785132974e+00,1.981324187703104311e-01,-2.469215991606908966e-01,-1.550639921283445410e-01,8.380182593360714360e-01,-3.740643439689907146e-02,1.751109517628576806e-01,-2.469215991606908966e-01,3.240729186328097228e-02,-2.616899043375389439e-03,-6.739695816402049289e-01,-6.766678816605943281e-01,8.848685054728473443e-01,6.907482945800910157e-01,-3.365727866172301200e-03,-3.533898220485057196e-01,1.134437630255592522e-01,-2.796476031305725370e-03,3.296048595684093752e-02,2.299147930332614831e-01,2.443196038171431828e-01,1.039660711437089269e-01,3.577259240636946475e-02,-1.242236542726427168e-01,-2.376377375956218729e-01,-5.273529164624137650e-02,4.307624436025181969e-01,-4.307624436025172532e-01,-1.805297494745184694e-01,-2.430913970861505735e-01,-5.240029106863134875e-03,8.461218528478378631e-02,1.314176624949804639e-01
9.045340337332903324e-01,-8.136075919717027372e-01,-3.799833459337263741e-02,-3.673260074600076530e-01,-2.497939042251126063e-01,3.284496010843198643e-01,-2.837539700049174773e-01,-3.799833459337263741e-02,-4.031142743320034749e-01,-3.858110836196974036e-01,-6.739695816402049289e-01,-6.766678816605943281e-01,-2.177713767363081698e-01,-2.796033587871455950e-01,-3.868078238153539461e-01,-6.675141083138441678e-01,-5.151623697567597748e-01,-3.864590571735361801e-01,-4.026901968808028753e-01,7.303358206514469833e-03,-4.579693459697842806e-01,3.459331376268974245e-01,-3.964563813525316394e-01,-2.731488708195879411e-01,-3.545658478227642352e-01,-3.309404568303028205e-01,1.376981982248205900e-02,-1.376981982248027050e-02,-3.223531758670508673e-01,-3.374884739296301617e-01,-3.870964638576011585e-01,-4.007719251716397868e-01,-1.464435900656268219e-01
-1.105541596785132974e+00,1.981324187703104311e-01,-2.633045199745725373e+00,-2.551390866531308421e-01,-1.095870031439361902e+00,-4.314052418381855158e-01,-9.045712171024667958e-01,-2.633045199745725373e+00,-1.548930883555239280e-01,-2.012812869150044370e-01,2.803236313016780890e-01,2.498729675641872816e-01,-4.382993531781392837e-01,-4.584434375884794410e-01,-2.021102416835888482e-01,-2.552259825905874635e+00,-1.812153617161527952e-01,-1.969332313788861866e-01,-1.493607858259758947e-01,2.584887181149268187e+00,-3.467683934464860784e-01,-1.021423671694383917e-01,-1.595924412853643171e-01,-1.716939199057590515e-01,-4.403479642125606719e-01,1.620448268503370093e+00,1.412318680274703864e+00,-1.412318680274702754e+00,-2.190467499146805663e-01,-5.997685692474989672e-02,-2.020186503541763490e-01,-8.998859934129277427e-02,2.919323691221823447e-01
9.045340337332903324e-01,1.981324187703104311e-01,1.163594814978256453e+00,-5.336833149918696062e-01,-2.296492345295537973e-01,8.725431923127824341e-01,-7.156268375510227431e-01,1.163594814978256453e+00,-9.239436934575948612e-01,-8.641889475761048711e-01,-6.739695816402049289e-01,-6.766678816605943281e-01,-1.320411258945463739e+00,-1.316875815834881447e+00,-8.647081096167693604e-01,1.217231609278186522e+00,-9.473290860446040851e-01,-8.652012049996137266e-01,-9.242193380587329088e-01,-1.188478493030794114e+00,-7.340629321145600850e-01,7.645559437941570335e-01,-9.002517813883343933e-01,-3.621153856708058116e-01,-4.469216604174873764e-01,-6.601188196248827245e-01,-8.033472820175395768e-01,8.033472820175402429e-01,-4.042192103938520575e-01,-3.549833551726574998e-01,-8.640456450270040945e-01,-9.616257679399831115e-01,-6.038704544775189698e-01
9.045340337332903324e-01,-8.136075919717027372e-01,4.678158848854876428e-01,-3.961013599784766193e-01,-5.519639496587697147e-01,5.160680808182739332e-01,-8.235950544375797433e-01,4.678158848854876428e-01,-4.755075313456347263e-01,-5.162320590692074385e-01,-6.739695816402049289e-01,-6.766678816605943281e-01,-6.588273296199703699e-01,-6.945123416062398691e-01,-5.172779554210216180e-01,1.217231609278186522e+00,-2.008593033656002613e-01,-5.175794225330668796e-01,-4.758226178319042710e-01,-4.934238599940330428e-01,-2.910030121637935951e-01,7.635013837472550899e-04,-4.672831417545533217e-01,-3.067054712956547857e-01,-3.525720352560323678e-01,-5.591502346306468363e-01,-4.970040568272882098e-01,4.970040568272903192e-01,-3.314338859240580359e-01,-2.732520956328909900e-01,-5.173494091144121843e-01,-4.115981226508492741e-01,4.738223340637282011e-01
9.045340337332903324e-01,-8.136075919717027372e-01,-1.292270986083637885e+00,-7.673220652514875506e-02,2.135334987731525302e-01,-1.687393702106541327e-01,-8.235950544375797433e-01,-1.292270986083637885e+00,1.678627533120027604e-01,2.767426774740523454e-01,2.803236313016780890e-01,2.498729675641872816e-01,1.105396481914678430e+00,1.043813224342724055e+00,2.767941534037097751e-01,-1.295762680844521064e+00,4.670347127156136979e-01,2.799823953006661537e-01,1.709669971635928987e-01,1.269130064708160255e+00,4.727675844372115077e-01,-2.388908639428025116e-01,1.645610061124024581e-01,5.737808339095169102e-02,4.243614033767917348e-01,-5.953169578689548880e-01,-5.995567535304214823e-01,5.995567535304220375e-01,1.252613704773900272e-01,-1.579480290744986887e-02,2.756735302838887458e-01,4.950405934260941609e-02,-8.212249164283280667e-01
9.045340337332903324e-01,1.981324187703104311e-01,6.620778677288718939e-01,7.077315294630412978e-01,6.970055714670222446e-01,-2.344058381175423145e-01,4.180394397575188381e-01,6.620778677288718939e-01,1.168576103153070811e+00,1.263188911292450367e+00,1.234616844243561218e+00,1.176413816788969058e+00,2.232845761473540303e-01,1.853808460963220495e-01,1.262794929317389681e+00,-1.295762680844521064e+00,7.420498958078782792e-01,1.259333521154158309e+00,1.164973021532408337e+00,-6.027557427595978679e-01,-4.302102324515798548e-01,-1.774703824546066677e+00,1.054683237305227950e+00,1.348674468777164570e-01,8.038423958001188474e-01,-6.902346128285590243e-01,-9.080934777188977014e-01,9.080934777188978124e-01,5.032093922152220955e-01,1.233233186988383023e+00,1.261435097943287342e+00,1.049397743179987685e+00,-6.423699316831401607e-01
9.045340337332903324e-01,1.981324187703104311e-01,-2.700237330028654181e-02,-3.262405334141432189e-01,-3.505172527029983276e-01,2.346403612173428577e-01,-8.235950544375797433e-01,-2.700237330028654181e-02,-3.068883085988127202e-01,-4.265530014662401448e-01,-6.739695816402049289e-01,-6.766678816605943281e-01,-2.177713767363081698e-01,-2.796033587871455950e-01,-4.256805681403486585e-01,1.217231609278186522e+00,-8.299565346891545070e-02,-4.253252522149948978e-01,-3.065622444194944785e-01,-7.372620299046893507e-05,2.727758050975745419e-01,4.849347843768005428e-01,-2.851321839324340024e-01,-1.962626849098907944e-01,-4.829652499760010431e-01,3.120320227180436667e+00,1.698955992476735011e+00,-1.698955992476734123e+00,-2.738777585336674147e-01,-2.099627813597646497e-01,-4.277858911267418685e-01,-1.702010025538280291e-01,1.091161297399565466e+00
9.045340337332903324e-01,1.981324187703104311e-01,-8.945837193195169679e-01,-4.319431553547282698e-01,-1.246955054156190457e+00,9.392650141687730603e-02,-8.235950544375797433e-01,-8.945837193195169679e-01,-5.724015411182659108e-01,-5.031140807031478923e-01,-6.739695816402049289e-01,-6.766678816605943281e-01,-2.177713767363081698e-01,-2.438353430268787869e-01,-5.038333622099768760e-01,-3.926553578316730603e-02,-3.972987198600749781e-01,-5.021568213422549221e-01,-5.706056645915630332e-01,8.483916241974422956e-01,1.768830693958213171e-02,7.294847004595695905e-01,-5.481099157958272405e-01,-3.179183348425717592e-01,-3.919396154567909019e-01,-4.877317498249065242e-01,-3.143335665552725033e-01,3.143335665552730585e-01,-3.582737240529659806e-01,-3.293504951429817029e-01,-5.036419500082270906e-01,-6.278213574316576784e-01,-6.566964956194368819e-01
9.045340337332903324e-01,-8.136075919717027372e-01,5.030029610231926407e-01,-5.832206172627071306e-01,-1.025363687504814214e+00,7.974958004192049810e-01,-1.093515596653910738e+00,5.030029610231926407e-01,-1.200454813649854291e+00,-1.120310508450751641e+00,-6.739695816402049289e-01,-6.766678816605943281e-01,-1.320411258945463739e+00,-1.316875815834881447e+00,-1.121175238271913788e+00,1.060169466145517214e+00,-1.143768502539078913e+00,-1.120688095018796737e+00,-1.199675633741376091e+00,-5.423813499862238929e-01,-7.615234167365140250e-01,1.081734596981275942e+00,-1.166140507976593632e+00,-3.910084299640127492e-01,-5.266234743607421942e-01,-2.775415139584912483e-01,1.075606446834787566e-01,-1.075606446834790203e-01,-4.435056645743338244e-01,-3.713286853671025067e-01,-1.120409998090475590e+00,-1.259120089371503548e+00,-1.248398178953125992e+00
9.045340337332903324e-01,-8.136075919717027372e-01,1.400639934576568990e+00,-3.230277390188333597e-01,7.473672457059651331e-01,5.911154727118512753e-01,9.413478909797061422e-02,1.400639934576568990e+00,-2.989597799008298362e-01,-3.130910521932113721e-01,-6.739695816402049289e-01,-6.766678816605943281e-01,-2.177713767363081698e-01,-2.438353430268787869e-01,-3.141257482232248099e-01,5.889830367475095141e-01,-5.544502530556547626e-01,-3.163146787915388503e-01,-3.012498782211516235e-01,-1.405356969360589403e+00,-5.963554871077431097e-01,2.420332548251566962e-01,-3.007320210842955865e-01,-3.224202744044977753e-01,-4.123629962090394896e-01,-4.210975756063616848e-01,-1.641008220431493525e-01,1.641008220431498799e-01,-3.629563656151471029e-01,-3.159170132745405812e-01,-3.137508114407840387e-01,-2.652701137630175121e-01,9.395358993461526420e-02
9.045340337332903324e-01,-8.136075919717027372e-01,-1.633145786167214064e+00,7.035773092063992706e+00,1.694166721398099984e+00,-6.847957248739422909e+00,2.820332265482890399e+00,-1.633145786167214064e+00,5.039547495670473332e+00,4.980942775291893554e+00,4.097496483069210882e+00,3.956036364463314747e+00,1.766980411240171689e+00,1.687637508027525435e+00,4.980167011635650454e+00,3.416101613135555493e+00,4.985141292088531628e+00,4.992138101317829424e+00,5.050731041740443850e+00,2.193502229701099537e+00,5.766271161645898147e+00,-2.261316616583013417e+00,5.317834266973457069e+00,7.417682195333884287e+00,6.028792830469922315e+00,2.904876334198047694e-01,7.748277296396441916e-01,-7.748277296396435254e-01,6.472567835424353433e+00,1.475612549215441049e+00,4.976608567623299173e+00,5.024926570762286104e+00,-2.977146330851938028e-01
9.045340337332903324e-01,-8.136075919717027372e-01,8.697372286993220181e-01,9.646170296989264870e-02,1.140188304769728544e+00,-5.908809496120507321e-01,1.794634205060844367e+00,8.697372286993220181e-01,4.333587414931273085e-01,4.443641187863242026e-01,7.574702377726196811e-01,7.627795090993342297e-01,8.848685054728473443e-01,9.058508778388381089e-01,4.446800905778359181e-01,-3.926553578316730603e-02,1.522405477832190074e-02,4.419568787443431401e-01,4.304920080643989122e-01,-8.515559762835539503e-01,-2.630789525452357225e-01,-3.411093857071375579e-01,4.019439496535165413e-01,1.560972814851090407e-01,-1.857040518795192441e-01,7.569532069014810460e-01,1.080828814351030731e+00,-1.080828814351029621e+00,1.355602955737301649e-02,-2.534060683811248937e-01,4.444339451743214986e-01,4.251243983216763112e-01,-2.623532116898499300e-01
9.045340337332903324e-01,-8.136075919717027372e-01,-2.923715725052039027e-01,-3.405497587628113498e-01,-3.303725830074394909e-01,3.565923730444087170e-01,-2.297698615616389772e-01,-2.923715725052039027e-01,-3.388641518806052577e-01,-3.426980644655555075e-01,-6.739695816402049289e-01,-6.766678816605943281e-01,-4.382993531781392837e-01,-4.584434375884794410e-01,-3.421146027231594666e-01,4.319208936148403732e-01,-1.419274784172578630e-01,-3.413616341760834505e-01,-3.380406071041948679e-01,2.606783506851365062e-01,3.583151461465559628e-01,6.944474408879086624e-01,-3.145704897434651315e-01,-1.894715175341829816e-01,-3.199510611238222113e-01,2.617415183924834670e-03,4.963069245677070862e-01,-4.963069245677066421e-01,-2.401286849049222849e-01,-2.378852273331509004e-01,-3.433372742714284609e-01,-3.154441012501409403e-01,1.943944436725910871e-02
9.045340337332903324e-01,-8.136075919717027372e-01,2.984780809730003259e-01,-3.885187739345801611e-02,4.653418699678668058e-01,-1.875012181840537973e-01,8.769043615252940516e-01,2.984780809730003259e-01,2.289793493083811526e-01,3.102592805000528031e-01,7.574702377726196811e-01,7.131433921765781836e-01,1.105396481914678430e+00,1.043813224342724055e+00,3.096034044076648728e-01,-5.104519651811749714e-01,7.415587972666430605e-02,3.086393433343420090e-01,2.280203694511345469e-01,-2.994200372383459263e-01,-1.230433238681293978e-01,-2.729962789483008079e-01,2.067852668167425856e-01,3.816088420743669052e-01,5.998937612813396575e-02,4.290027958994671042e-01,8.804834911966761268e-01,-8.804834911966741284e-01,2.014349756631290955e-01,-3.213587158085982054e-01,3.091668703249743633e-01,1.438033060871163893e-01,-6.486367242938423372e-01
9.045340337332903324e-01,-8.136075919717027372e-01,-7.049721117729966791e-01,-5.008332041849592464e-01,-6.929766375278189061e-01,3.284496010843198643e-01,-8.235950544375797433e-01,-7.049721117729966791e-01,-7.940502874360081398e-01,-7.548836726582689449e-01,-6.739695816402049289e-01,-6.766678816605943281e-01,-6.588273296199703699e-01,-7.145885827103896082e-01,-7.559243419936726438e-01,-6.675141083138441678e-01,-7.312457279006819855e-01,-7.546126250687670289e-01,-7.925605449621947463e-01,6.555433650119684152e-01,-5.410827547516537939e-01,6.244746756446052371e-01,-7.715450502145427825e-01,-3.407528940655576988e-01,-4.184585334478744256e-01,-5.669643264219762502e-01,-5.185447630231391214e-01,5.185447630231402316e-01,-3.797295502142060686e-01,-3.330459432881269777e-01,-7.561201028420709847e-01,-8.086564343136357635e-01,-2.820304007472573260e-01
9.045340337332903324e-01,1.981324187703104311e-01,6.848028544010896779e-01,-4.753279698133680564e-01,-1.087812163560634426e-01,6.098773206852510231e-01,1.481188975411877329e-01,6.848028544010896779e-01,-7.049089941536645920e-01,-6.934975909510208147e-01,-6.739695816402049289e-01,-6.766678816605943281e-01,-6.588273296199703699e-01,-6.730515321500798454e-01,-6.936492587049081227e-01,5.889830367475095141e-01,-8.294654361479193438e-01,-6.939726675469364281e-01,-7.051424599581239683e-01,-7.130849589300972680e-01,-5.687327148137027999e-01,7.645559437941570335e-01,-6.870215806228570088e-01,-3.675913023216780817e-01,-3.371466090950916983e-01,-9.740967330331756768e-01,-2.402126129337775584e+00,2.402126129337776916e+00,-3.809530922459419267e-01,-3.373492874754752680e-01,-6.938933201127963635e-01,-6.916357172622851213e-01,3.790467388792492093e-02
-1.105541596785132974e+00,1.981324187703104311e-01,5.939029077121411593e-01,-1.332970080010465186e-01,2.236058336209319486e-01,1.887910952329994313e-02,6.069838193089935885e-01,5.939029077121411593e-01,7.238758030383195263e-02,-4.742317402484345912e-02,-1.968229751692634200e-01,-2.133974570482035649e-01,-2.177713767363081698e-01,-2.438353430268787869e-01,-4.779819299653667586e-02,-1.963276789158365232e-01,-1.615714200667053291e-01,-4.899523425390936437e-02,7.093354512314918592e-02,-5.976740847396163625e-01,-4.302102324515798548e-01,-2.388908639428025116e-01,5.259836545870856528e-02,-1.875131255085311921e-01,-2.196870403575118535e-01,-3.589470381785360154e-01,-3.868528363833177719e-02,3.868528363833229067e-02,-2.159603111447900292e-01,-2.302940080002867373e-01,-4.826732629808682534e-02,2.067884054103030778e-01,7.022946221704526870e-01
-1.105541596785132974e+00,1.981324187703104311e-01,-8.309239102171935357e-03,-2.779880276812527473e-01,4.955588745112508575e-01,4.702188148338878881e-02,1.211268433196098643e-01,-8.309239102171935357e-03,-2.016937622051646617e-01,-2.067182972844495148e-01,-1.968229751692634200e-01,-2.133974570482035649e-01,2.232845761473540303e-01,1.853808460963220495e-01,-2.053249940483380109e-01,-9.816383945791825605e-01,-3.580108365611800458e-01,-2.051439183385081189e-01,-2.014914702144104952e-01,-1.516195228370808765e-02,-4.579693459697842806e-01,6.953216858531210964e-02,-2.039425466890197602e-01,-1.496110864713356137e-01,-2.701910055009607570e-01,-3.294762598702308254e-02,4.547301230796252369e-01,-4.547301230796245153e-01,-2.278503342963490164e-01,-3.630816624286169469e-01,-2.074518870389758241e-01,-1.793247891503008395e-01,-2.166277989342601032e-02
9.045340337332903324e-01,-8.136075919717027372e-01,-1.076877634146820251e+00,-4.276765795723353608e-02,2.941121775554794149e-01,-1.405965982505652800e-01,-6.781753623186487223e-02,-1.076877634146820251e+00,2.322715300218699541e-01,3.712705771069962912e-01,-1.968229751692634200e-01,-6.599323103517001909e-02,2.232845761473540303e-01,6.633716021653413009e-01,3.714818515996982651e-01,-1.609886967109859457e+00,1.527316463244541844e-01,3.741947842516565870e-01,2.348791437016806150e-01,1.058514309859120095e+00,2.443196038171431828e-01,3.513132786326062657e-02,2.141766540121271822e-01,5.444607666554193703e-02,1.716266764809686596e-01,-3.915898946478144071e-01,-1.029288006517461440e-01,1.029288006517476983e-01,4.327324954184923363e-03,-3.465165989048927808e-01,3.809863862846691873e-01,5.959828920281426412e-02,-1.045330130124752621e+00
-1.105541596785132974e+00,1.981324187703104311e-01,-7.211821905812919598e-01,-4.895040206221993317e-01,-9.750020132658714367e-01,2.346403612173428577e-01,-6.886347833294141907e-01,-7.211821905812919598e-01,-7.484626173088679835e-01,-9.156089113061548490e-01,-6.739695816402049289e-01,-6.766678816605943281e-01,-1.099883282503632653e+00,-1.033983327549135245e+00,-9.092590334805658037e-01,-3.926553578316730603e-02,-7.116017862512344916e-01,-9.079856307448539443e-01,-7.469468938831544946e-01,6.724193308933750224e-01,-5.963554871077431097e-01,5.197691748262052158e-01,-7.336251198503185300e-01,-3.684706873184384057e-01,-4.914757621081163319e-01,-3.552733160291728920e-01,-3.166850626027269133e-02,3.166850626027423177e-02,-4.204239056067869962e-01,-3.677258254425690431e-01,-9.123695225456461833e-01,-5.830376102619105882e-01,2.846517415952185548e+00
-1.105541596785132974e+00,1.981324187703104311e-01,3.714073424226357889e-02,-4.264410375483499438e-01,-3.605895875507777459e-01,2.346403612173428577e-01,-3.917221868914744776e-01,3.714073424226357889e-02,-5.568270093173289803e-01,-5.108394669835258917e-01,-6.739695816402049289e-01,-6.766678816605943281e-01,-2.177713767363081698e-01,-2.438353430268787869e-01,-5.113299415769559930e-01,5.889830367475095141e-01,-5.740941947051022565e-01,-5.110138767057689213e-01,-5.563881683072404716e-01,-7.126861442126256052e-02,-3.188994788380634660e-01,6.244746756446052371e-01,-5.416259809895334065e-01,-3.160718966347221270e-01,-4.465718119992080903e-01,-6.606318991933050888e-02,4.142673577948777774e-01,-4.142673577948773334e-01,-3.564799368589891548e-01,-2.672464580076799323e-01,-5.113619743029541587e-01,-5.847895332807048208e-01,-4.098879383062652981e-01
-1.105541596785132974e+00,3.570599121243687613e+00,-4.349904543791810463e-01,-5.297359459737024379e-01,-8.944233344835903488e-01,4.785443848714746040e-01,-8.505871086592189378e-01,-4.349904543791810463e-01,-9.068169548372211342e-01,-9.879938669405625706e-01,-6.739695816402049289e-01,-6.766678816605943281e-01,-1.320411258945463739e+00,-1.316875815834881447e+00,-9.883931857779184593e-01,-3.926553578316730603e-02,-7.705336111995768622e-01,-9.873692717743788316e-01,-9.056033281084069353e-01,3.866785973086361294e-01,-2.910030121637935951e-01,1.011010359849961127e+00,-8.779381649426472034e-01,-3.495465121687569288e-01,-4.949246604696083129e-01,1.996176711619921662e-01,6.966095761250632457e-01,-6.966095761250620244e-01,-3.997132509780233489e-01,-3.222387657707369013e-01,-9.878436126594803968e-01,-8.069289701410349291e-01,1.926903486963658096e+00
-1.105541596785132974e+00,1.884365770006998897e+00,7.015995836805887231e-01,7.743599134825909225e-01,2.671183201633573034e+00,-1.847924763829551509e+00,1.902602421947339861e+00,7.015995836805887231e-01,1.252097192108948320e+00,1.113109385302455401e+00,1.234616844243561218e+00,1.766030720841103241e+00,1.546452434798340603e+00,2.360726531879818513e+00,1.118999533905666421e+00,-9.816383945791825605e-01,6.438301875606409208e-01,1.115621173613295936e+00,1.248182639742371203e+00,-6.334725361546653666e-01,6.453089486944794118e-01,-3.411093857071375579e-01,1.202206589055312635e+00,4.470645600504343786e-01,3.219734704124828095e-01,3.362725518598436852e-02,5.310682703517984882e-01,-5.310682703517980441e-01,3.229150714952506718e-01,-2.075450701586764868e-01,1.126558613224384775e+00,1.376194395759937183e+00,2.091490988912196036e-01
-1.105541596785132974e+00,-8.136075919717027372e-01,1.877864654693529589e+00,1.148850329722154617e+00,1.804962404723765124e+00,-4.678735838358824561e-02,2.037562693055505303e+00,1.877864654693529589e+00,1.595503233005014954e+00,1.814017171474360479e+00,1.711763450714502754e+00,1.639684241401360154e+00,1.546452434798340603e+00,1.473029413465925197e+00,1.813077191832124235e+00,-1.452824823977190372e+00,1.331368145291302429e+00,1.802925878938004711e+00,1.585615876761127696e+00,-1.765568938989866110e+00,-4.302102324515798548e-01,-2.741192729450085519e+00,1.436576442342626381e+00,2.387247741332482187e-02,2.477625458951655257e-01,-5.160474014710889623e-01,-3.838398601251201137e-01,3.838398601251206688e-01,1.590095248362554670e-01,4.593107142806938104e-01,1.811881042844103229e+00,1.311013299090369566e+00,-1.029956663535170458e+00
-1.105541596785132974e+00,1.981324187703104311e-01,-1.787466391439601343e-01,-5.040980797888874321e-01,-8.843509996358109859e-01,5.066871568315847174e-01,-6.616427291077748851e-01,-1.787466391439601343e-01,-8.052410964514162828e-01,-8.821517544766565022e-01,-6.739695816402049289e-01,-6.766678816605943281e-01,-8.793553060618015671e-01,-8.876596267116804162e-01,-8.824661308095711476e-01,-3.926553578316730603e-02,-8.294654361479193438e-01,-8.816831536906917233e-01,-8.043354363567256637e-01,1.356810297503119045e-01,-6.515196286340474430e-01,6.594441157080929150e-01,-7.844010440737334555e-01,-3.794713904595138354e-01,-5.245002147168937867e-01,4.150442687897664684e-01,8.704990835020838258e-01,-8.704990835020833817e-01,-4.306857543376658715e-01,-3.471913488972936945e-01,-8.824165437888061847e-01,-7.073945615009981092e-01,1.500600602793518812e+00
-1.105541596785132974e+00,1.981324187703104311e-01,3.780155343258399525e-01,-6.335808282109126055e-02,-7.433383117667617945e-01,2.252594372306536696e-01,-6.076586206644963850e-01,3.780155343258399525e-01,1.896823438553541519e-01,1.579437414590200706e-01,2.803236313016780890e-01,2.498729675641872816e-01,2.756599705522928042e-03,-2.922724846527837220e-02,1.569278713372835588e-01,4.319208936148403732e-01,3.688150044683763396e-01,1.559396190844652419e-01,1.885729538158472940e-01,-3.799457718671752637e-01,-1.511059642234411360e-01,-8.142822203258949232e-01,1.570307081732047472e-01,-2.047434841929881167e-03,-1.047925338712946408e-01,-5.032855589257332479e-02,4.337105836041110773e-01,-4.337105836041106333e-01,-2.879651357893095800e-02,-2.589772816858977936e-02,1.569570494584308362e-01,2.340350511677053158e-01,4.363876291753571862e-02
-1.105541596785132974e+00,1.884365770006998897e+00,-5.525334888907857955e-01,-5.612186208259136722e-01,-1.216738049612806405e+00,5.911154727118512753e-01,-1.228475867762076401e+00,-5.525334888907857955e-01,-1.058960618687484256e+00,-1.001448044061752807e+00,-6.739695816402049289e-01,-6.766678816605943281e-01,-1.320411258945463739e+00,-1.316875815834881447e+00,-1.002179172064543877e+00,2.748587504821711214e-01,-8.294654361479193438e-01,-1.001066442466830964e+00,-1.057623067939632566e+00,5.003205338106737621e-01,-3.746097967867810241e-01,1.011010359849961127e+00,-1.026299435736008236e+00,-3.829851329248233904e-01,-4.955246643423279473e-01,-6.677205307568755410e-01,-8.291385639497722559e-01,8.291385639497733662e-01,-4.254355562407274860e-01,-3.401270940744549609e-01,-1.001297034319305723e+00,-1.091258623022648422e+00,-5.884443499642810771e-01
9.045340337332903324e-01,1.884365770006998897e+00,6.507153743927630574e-01,8.631568874109400991e-01,-1.216738049612806405e+00,4.702188148338878881e-02,-9.315632713241059903e-01,6.507153743927630574e-01,1.326175786221509556e+00,1.425920277027276972e+00,1.234616844243561218e+00,1.176413816788969058e+00,-4.382993531781392837e-01,-4.584434375884794410e-01,1.424955178487709695e+00,-5.104519651811749714e-01,1.252792378693512454e+00,1.421279419887158335e+00,1.322334069898785547e+00,-5.815396094742427691e-01,-4.857011106076746243e-01,-2.677593444160483838e+00,1.164204980711123438e+00,7.065780551545974841e-01,8.642483354491373726e-01,-2.074909409342990674e-01,2.195790619989486103e-01,-2.195790619989473613e-01,6.339962773458547307e-01,-8.494030048321292437e-02,1.424053516154663690e+00,1.197762228199664492e+00,-6.522831168536106228e-01
-1.105541596785132974e+00,-8.136075919717027372e-01,-3.832715191941524768e-01,-5.167122293897404850e-01,-9.649296784180920739e-01,4.034969929778972619e-01,-9.585553255457452959e-01,-3.832715191941524768e-01,-8.536123496151077905e-01,-8.008169056174819778e-01,-6.739695816402049289e-01,-6.766678816605943281e-01,-1.099883282503632653e+00,-1.102267721273280987e+00,-8.018562226517630398e-01,-3.926553578316730603e-02,-8.491093777973668377e-01,-8.008942965137955117e-01,-8.524651812637505932e-01,3.365807709772630774e-01,-5.687327148137027999e-01,7.996612203585635736e-01,-8.299707752455346421e-01,-3.594146773424496399e-01,-4.773644605347461822e-01,-3.626926537102153070e-01,-4.588277153724461960e-02,4.588277153724565349e-02,-4.106652873146686145e-01,-3.638068058996146714e-01,-8.011381472902894263e-01,-8.838365320203950271e-01,-4.827312340930465240e-01
-1.105541596785132974e+00,1.981324187703104311e-01,1.053156942589943551e-01,-4.786590712563860706e-01,-7.433383117667617945e-01,5.160680808182739332e-01,-1.039531488210632348e+00,1.053156942589943551e-01,-7.159264514167886784e-01,-7.603001257502214338e-01,-6.739695816402049289e-01,-6.766678816605943281e-01,-6.588273296199703699e-01,-6.730515321500798454e-01,-7.594357192568240711e-01,1.217231609278186522e+00,-5.740941947051022565e-01,-7.590152827256911872e-01,-7.154255826263237195e-01,-1.424081586727334869e-01,-9.495284359182673550e-02,9.051817455419487457e-01,-6.880584047152785709e-01,-2.978872898214521836e-01,-4.240623262488054657e-01,-8.840125373656364249e-02,3.859624904665973077e-01,-3.859624904665973077e-01,-3.404227237102211978e-01,-2.710396280783330947e-01,-7.606494890449638779e-01,-6.469050111480653120e-01,8.004929206512021445e-01
-1.105541596785132974e+00,3.570599121243687613e+00,4.850322757837245702e-02,-2.878487508583461030e-01,1.160332974465287492e+00,4.702188148338878881e-02,3.100712228709925355e-01,4.850322757837245702e-02,-2.223908814961928215e-01,-1.549468172178542769e-01,-6.739695816402049289e-01,-6.766678816605943281e-01,4.438125525891851719e-01,3.999889406579224538e-01,-1.557807448788764149e-01,-6.675141083138441678e-01,-5.740941947051022565e-01,-1.557437614988160246e-01,-2.222812175333943319e-01,-7.191437687027070480e-02,-4.857011106076746243e-01,4.153668752649995466e-01,-2.225432753513635620e-01,-2.319293977083593805e-01,-7.997216516089733496e-02,-7.277274999757541440e-01,-1.048772212848291918e+00,1.048772212848293472e+00,-2.313255923964652461e-01,-3.107610715622677322e-01,-1.557163401831204996e-01,-2.822104106591186157e-01,-5.965078201417304271e-01
-1.105541596785132974e+00,1.981324187703104311e-01,-4.855339592192098874e-01,-5.433397332487487352e-01,-1.236882719308388001e+00,5.160680808182739332e-01,-1.201483813540437096e+00,-4.855339592192098874e-01,-9.682321874923041083e-01,-9.357246433760687543e-01,-6.739695816402049289e-01,-6.766678816605943281e-01,-1.099883282503632653e+00,-1.102267721273280987e+00,-9.367653451745786564e-01,1.177966073495019111e-01,-8.098214944984718500e-01,-9.357010589650179844e-01,-9.669596563593436667e-01,4.354919996973667939e-01,-6.515196286340474430e-01,6.244746756446052371e-01,-9.425650666731827387e-01,-3.733399319789148518e-01,-5.005583749803397264e-01,-3.193930402421314985e-01,3.472214654277903240e-02,-3.472214654277852586e-02,-4.233370664400052386e-01,-3.563572352319774872e-01,-9.359522491674020506e-01,-9.731843031256943721e-01,-1.205583392327460590e-01
-1.105541596785132974e+00,-8.136075919717027372e-01,-2.115855847894819508e+00,3.343324909285841362e-01,-4.310959314853252122e-01,-1.041165300973536212e+00,-9.480959045347343850e-02,-2.115855847894819508e+00,7.480335275962125552e-01,8.519643583132502362e-01,2.188910057185444291e+00,2.202226899859263121e+00,4.438125525891851719e-01,4.613055391040942199e-01,8.515763736631448699e-01,-3.533898220485057196e-01,2.705952962211390367e-01,8.582685555646267783e-01,7.544717309271511407e-01,2.119278774512954655e+00,1.051980328823108657e+00,7.996612203585635736e-01,7.944628218556419874e-01,-5.175237758194213555e-02,1.093521384215847325e+00,-9.193512275398102451e-01,-2.014936801304328284e+00,2.014936801304330061e+00,3.682198639857549027e-01,8.594748269611340863e-01,8.520112976654558024e-01,6.234212518639284939e-01,-7.209476092966445870e-01
9.045340337332903324e-01,1.981324187703104311e-01,1.696064761315632552e+00,3.682030368939822051e-01,2.882702233437123951e+00,1.408311213503658232e-01,1.551705717066152346e+00,1.696064761315632552e+00,7.880312462442298216e-01,1.125993947517296645e+00,2.666056663656386050e+00,2.566225090626141458e+00,2.649092317007496256e+00,2.546069886273927718e+00,1.125168335518430984e+00,2.748587504821711214e-01,4.473907710661662596e-01,1.118012723900017491e+00,7.816244911821209618e-01,-1.643289317694728524e+00,-1.511059642234411360e-01,-9.483222522105948515e-01,7.303046290731787238e-01,-7.184258666193323040e-02,7.759532778117190777e-01,-8.741962681338404373e-01,-1.740408015421194721e+00,1.740408015421195831e+00,1.766020648637224855e-01,2.974522717158033513e-01,1.124335357552502135e+00,3.374717042030552228e-01,-1.732890143601744315e+00
9.045340337332903324e-01,1.981324187703104311e-01,2.871155876368914339e-01,-5.698275533940836413e-01,-8.541339950924269342e-01,6.004963966985618073e-01,-1.039531488210662991e+00,2.871155876368914339e-01,-1.109395938307459195e+00,-1.078936732613072991e+00,-6.739695816402049289e-01,-6.766678816605943281e-01,-1.320411258945463739e+00,-1.316875815834881447e+00,-1.079976096679731379e+00,9.031073230128480178e-01,-1.045548794291841554e+00,-1.079408699084076551e+00,-1.108616864410474134e+00,-3.286894910895576949e-01,-6.239511117140204011e-01,1.081734596981275942e+00,-1.076778775518549169e+00,-3.770369873784009673e-01,-5.166772430863729726e-01,4.533231815062919307e-02,5.438457916318227836e-01,-5.438457916318223395e-01,-4.324327988139915480e-01,-3.727043049986836221e-01,-1.079064938692897657e+00,-1.109683098593464701e+00,3.919727798079048614e-02
9.045340337332903324e-01,1.981324187703104311e-01,4.644692879702881916e-01,5.362616367730836942e-01,2.308579147113193564e+00,-6.846901894790278220e-01,1.416745445957956262e+00,4.644692879702881916e-01,9.970107003093966469e-01,1.123599066507988020e+00,1.711763450714502754e+00,2.376705371466527161e+00,1.105396481914678430e+00,1.794941555308325665e+00,1.122798312835807000e+00,1.217231609278186522e+00,6.438301875606409208e-01,1.120312597192604676e+00,9.944468232725218737e-01,-4.183991939463574394e-01,5.876796710744159880e-01,-4.090925056210057420e-01,9.529537711702821268e-01,1.135081507288121933e-01,6.273723961810349081e-01,-6.381981583601168406e-01,-7.312912524633058409e-01,7.312912524633080613e-01,1.741363572006830451e-01,-1.756559083227687279e-01,1.137101085375877618e+00,8.222684612107006297e-01,-8.460275126876706242e-01
-1.105541596785132974e+00,1.981324187703104311e-01,-1.929303676992555561e+00,2.583305977916893759e-01,3.545461866422017216e-01,-2.485827594924991057e+00,2.560871144277447331e-01,-1.929303676992555561e+00,6.497653431554702985e-01,4.929077801668735881e-01,1.234616844243561218e+00,1.114644426840650127e+00,1.325924458356509517e+00,1.172578081079684420e+00,4.922060925183421309e-01,-9.816383945791825605e-01,8.402696040551156376e-01,4.975017657481130007e-01,6.553904674319116497e-01,1.926991144627043351e+00,9.935319649305814904e-01,-2.729962789483008079e-01,6.607927317590953642e-01,3.523094065639537781e-02,1.424884241027436216e-01,-3.926141588720056252e-01,-1.050015036996496259e-01,1.050015036996516798e-01,1.495795486000608965e-01,4.873620183004636064e-01,4.904902867891827167e-01,8.156852066826328906e-01,5.836633744483219477e-01
9.045340337332903324e-01,-8.136075919717027372e-01,-1.337720959428150724e+00,-1.915853644524360133e-01,-6.728319678322143282e-01,-1.593584462239649446e-01,2.560871144277447331e-01,-1.337720959428150724e+00,-3.216150454185859320e-02,-7.832845447305852860e-02,-1.968229751692634200e-01,-2.133974570482035649e-01,2.232845761473540303e-01,1.853808460963220495e-01,-7.883814128472996230e-02,-6.675141083138441678e-01,3.098831795200339689e-01,-7.597786936646003242e-02,-2.915461936284204428e-02,1.305635800697973581e+00,6.741670484981892031e-01,2.766331836836635749e-01,-1.218915211961440863e-02,-1.139664313985169208e-01,-6.293953633144550031e-02,-4.388764214963247201e-01,-2.024774520712102066e-01,2.024774520712117609e-01,-9.306708490797118566e-03,4.030710601383862834e-01,-7.915115621110575816e-02,3.077014874719355766e-02,2.269132071482473922e-01
-1.105541596785132974e+00,-8.136075919717027372e-01,3.602616384881795475e-01,-5.109377079958199452e-01,-7.634829814623206312e-01,6.192582446719401279e-01,-9.585553255457452959e-01,3.602616384881795475e-01,-8.318803942479248148e-01,-7.482742164049284161e-01,-6.739695816402049289e-01,-6.766678816605943281e-01,-6.588273296199703699e-01,-7.145885827103896082e-01,-7.490255418006286359e-01,5.889830367475095141e-01,-7.705336111995768622e-01,-7.488970676577627605e-01,-8.315336060788393047e-01,-3.962425882554735379e-01,-5.410827547516537939e-01,6.944474408879086624e-01,-8.086408732820095091e-01,-3.653454979310911122e-01,-3.775895504521267210e-01,-9.053729325714684473e-01,-1.926059290496891840e+00,1.926059290496893173e+00,-3.740437702465314596e-01,-2.659689300701835180e-01,-7.495228302083088989e-01,-8.994274812324131174e-01,-9.073391203589185050e-01
9.045340337332903324e-01,-8.136075919717027372e-01,1.162027574518127659e+00,8.272534379558093010e-01,5.559928835979731643e-01,-9.263662436788900820e-03,1.362761337514677651e+00,1.162027574518127659e+00,1.290539763825646613e+00,1.314638611952837044e+00,1.711763450714502754e+00,1.639684241401360154e+00,6.643405290310162581e-01,6.145970352195231357e-01,1.313810747628806563e+00,7.460451798801788215e-01,1.822466686527489221e+00,1.308236564526238377e+00,1.284665470595041548e+00,-1.083366710443459002e+00,9.643520844223358868e-01,-1.970166396354471994e+00,1.228469805351584565e+00,6.718342541480061270e-01,4.857887135496185560e-01,1.105128010059301669e-01,6.117734337192209937e-01,-6.117734337192211047e-01,6.124876956801911243e-01,3.322909440017617344e-01,1.312849088731483649e+00,1.252555783556539515e+00,-3.722566316377994289e-01
9.045340337332903324e-01,-8.136075919717027372e-01,-8.718587326472218013e-01,-3.000154390713311026e-01,-4.310959314853252122e-01,1.408311213503658232e-01,-2.837539700049174773e-01,-8.718587326472218013e-01,-2.483726846663125432e-01,-3.396866124483922666e-01,-1.968229751692634200e-01,-2.133974570482035649e-01,-6.588273296199703699e-01,-6.730515321500798454e-01,-3.403204524448278367e-01,-3.926553578316730603e-02,-6.335171181946798458e-02,-3.385818911827507827e-01,-2.464842283129212996e-01,8.363053978334615834e-01,4.441114907239759879e-01,6.594441157080929150e-01,-2.237532734740029228e-01,-1.824016176430802438e-01,-4.067872172633850703e-01,8.280448540317905115e-01,1.117079361369941015e+00,-1.117079361369939239e+00,-1.933396263607039256e-01,7.016466542813627749e-02,-3.403279124232120867e-01,-1.384873034045803197e-01,7.480444726466022320e-01
-1.105541596785132974e+00,1.981324187703104311e-01,-3.812056113148599157e-01,1.069248398682190127e+00,2.369013156199915926e+00,-1.266307476654289665e+00,1.821626259282452809e+00,-3.812056113148599157e-01,1.517968957936057572e+00,1.525552196672444794e+00,2.188910057185444291e+00,1.842365052169280926e+00,1.766980411240171689e+00,1.405964383915424776e+00,1.524594828303064808e+00,-1.609886967109859457e+00,1.508163620136329541e+00,1.525271275232958690e+00,1.518359723645381187e+00,4.545697217690987668e-01,4.727675844372115077e-01,-2.002637129870835864e+00,1.429950404993480362e+00,2.310435365336422145e-03,-1.486284005268223921e-02,-2.335652984929951492e-01,1.792392958892606303e-01,-1.792392958892591315e-01,1.405610998961711981e-02,7.975811758701603638e-02,1.518528239176444750e+00,1.500395172768082430e+00,-3.044864502765045611e-01
9.045340337332903324e-01,1.981324187703104311e-01,2.871155876368914339e-01,-3.779163359306538239e-01,-5.821809542021537665e-01,6.943056365655387863e-01,-6.886347833294141907e-01,2.871155876368914339e-01,-4.285882944139919326e-01,-3.604383873246417846e-01,-6.739695816402049289e-01,-6.766678816605943281e-01,-4.382993531781392837e-01,-4.584434375884794410e-01,-3.614520523893952064e-01,7.460451798801788215e-01,-1.026395951183629168e-01,-3.616610965956600365e-01,-4.286783876989597175e-01,-3.136966696225708673e-01,3.583151461465559628e-01,6.244746756446052371e-01,-4.018693931856568424e-01,-3.107564567391710719e-01,-3.982204833980879100e-01,-3.957325255457926350e-01,-1.113338018647073852e-01,1.113338018647084121e-01,-3.487433443457675919e-01,-2.981483463750697060e-01,-3.610652840430954580e-01,-4.853416747879980009e-01,-6.240381361674951499e-01
9.045340337332903324e-01,-8.136075919717027372e-01,1.531555618666718077e+00,7.363766486739116157e-01,4.552695351200873874e-01,7.036865605522280021e-01,-4.082548201022562218e-02,1.531555618666718077e+00,1.212968361759049429e+00,1.679610290003295203e+00,7.574702377726196811e-01,1.155356070215678654e+00,2.756599705522928042e-03,3.804791138795953209e-01,1.680741796734682492e+00,9.031073230128480178e-01,1.704603036630804258e+00,1.672619051069820451e+00,1.205817853346216939e+00,-1.453761588822078288e+00,9.643520844223358868e-01,-1.774703824546066677e+00,1.128717093180321873e+00,2.869261276730532551e-01,2.051393242511671211e+00,-8.556316136487176482e-01,-1.637389361639271401e+00,1.637389361639273178e+00,5.773220938734393570e-01,-2.516557756457053485e-01,1.695910521502934420e+00,5.245330240097617613e-01,-2.086623486701022934e+00
9.045340337332903324e-01,-8.136075919717027372e-01,-3.946340125302613133e-01,-3.993660723014738623e-01,-7.231936420711571056e-01,2.346403612173428577e-01,-1.487936988967519247e-01,-3.946340125302613133e-01,-4.834168628481216867e-01,-7.273766907739077636e-01,-6.739695816402049289e-01,-6.766678816605943281e-01,-1.099883282503632653e+00,-1.102267721273280987e+00,-7.227294685326394186e-01,-9.816383945791825605e-01,-6.133820780039971332e-01,-7.217638609120770044e-01,-4.823685091257026714e-01,3.567503418304359686e-01,-5.963554871077431097e-01,3.459331376268974245e-01,-4.759282772206882006e-01,-3.745887529108047898e-01,-4.985564916742589170e-01,-3.942932533507613746e-01,-1.084070313511755201e-01,1.084070313511765610e-01,-4.216875608746607496e-01,-3.459587299696075813e-01,-7.277489053513593875e-01,-2.522102713167137522e-01,3.008021229262051843e+00
9.045340337332903324e-01,-8.136075919717027372e-01,5.370904410315192612e-01,-4.679105278652688216e-01,-3.505172527029983276e-01,4.973062328448742964e-01,-4.996904037779700825e-01,5.370904410315192612e-01,-6.808631896536553318e-01,-6.766223089382736866e-01,-6.739695816402049289e-01,-6.766678816605943281e-01,-8.793553060618015671e-01,-8.876596267116804162e-01,-6.739071000746884588e-01,1.060169466145517214e+00,-5.937381363545496393e-01,-6.740831646020026824e-01,-6.809517489068732665e-01,-5.671175358356621565e-01,-5.410827547516537939e-01,3.806332592829843597e-01,-6.648612222167306074e-01,-3.393752840369476664e-01,-4.901289100151387523e-01,3.139095486927384049e-01,7.937757117578879695e-01,-7.937757117578878585e-01,-3.952910744035574298e-01,-3.390768679582008005e-01,-6.770297507855679298e-01,-6.603994983615801839e-01,1.137097497398409929e-01
9.045340337332903324e-01,1.981324187703104311e-01,9.347777077957175607e-01,1.192700864845036707e-01,-3.203002481596142759e-01,-6.554920635698792408e-02,-3.647301326698352275e-01,9.347777077957175607e-01,4.644207196019566886e-01,1.870320627291428839e-01,-1.968229751692634200e-01,-2.133974570482035649e-01,4.438125525891851719e-01,3.999889406579224538e-01,1.978104418932679354e-01,1.531355895543524914e+00,8.599135457045631314e-01,1.953997015287322059e-01,4.612985787984778541e-01,-9.140747687901734642e-01,2.158917877748966208e-01,-1.214884881656770776e+00,4.235020629601677356e-01,-8.390573100374769389e-02,-3.509834918337200182e-01,8.791899747515500296e-01,1.141865680408493899e+00,-1.141865680408492789e+00,-1.943611318987613357e-01,-3.257655280562439803e-01,1.860251812965169893e-01,7.391286523587285995e-01,1.418183064085334788e+00
9.045340337332903324e-01,1.981324187703104311e-01,-1.076877634146820251e+00,-2.556592251044169650e-01,-6.526872981366554916e-01,1.220692733769661448e-01,-4.726983495563615301e-01,-1.076877634146820251e+00,-1.484305567085511257e-01,-8.090243277405316513e-02,-1.968229751692634200e-01,-6.599323103517001909e-02,-4.382993531781392837e-01,-1.853058626918968332e-01,-8.193021845516598733e-02,-3.533898220485057196e-01,-8.299565346891545070e-02,-7.961548400005552528e-02,-1.460824970399533795e-01,1.042593654819547577e+00,4.727675844372115077e-01,7.294847004595695905e-01,-1.291962424245874375e-01,-1.232544582161515957e-03,1.470471812686166557e-01,-4.634407812772389224e-01,-2.575013209315951679e-01,2.575013209315962226e-01,2.345711240996086605e-02,-3.600216985673725112e-02,-7.346225432921257847e-02,-2.197915499602756673e-01,-6.525137080219413077e-01
9.045340337332903324e-01,-8.136075919717027372e-01,3.903660705607611137e-01,-4.023157120274301612e-01,7.252081090410336661e-02,5.160680808182739332e-01,-1.012539433989023685e+00,3.903660705607611137e-01,-4.854355724677164585e-01,-4.481412350307218406e-01,-6.739695816402049289e-01,-6.766678816605943281e-01,-4.382993531781392837e-01,-1.853058626918968332e-01,-4.490982701574603997e-01,-3.926553578316730603e-02,-5.740941947051022565e-01,-4.493717322062744657e-01,-4.856144254451122966e-01,-4.176581967194954448e-01,-6.239511117140204011e-01,2.420332548251566962e-01,-4.859429651286935603e-01,-2.492344399885840223e-01,-4.441869126959705483e-01,7.508633452583499679e-01,1.077620947554975839e+00,-1.077620947554975395e+00,-3.290242367674893753e-01,-3.544831832098416236e-01,-4.425492427589648448e-01,-5.118319022424291376e-01,-3.894068146247247619e-01
9.045340337332903324e-01,-8.136075919717027372e-01,9.090885924270628582e-01,-1.194914361200890840e-01,5.358482139024143276e-01,-2.906913820377199920e-01,1.551705717066121704e+00,9.090885924270628582e-01,1.050371203841530959e-01,9.828348085991145400e-02,-1.968229751692634200e-01,-6.599323103517001909e-02,4.438125525891851719e-01,9.462640904510876139e-01,9.817560502596733851e-02,-3.533898220485057196e-01,-1.615714200667053291e-01,9.602457434177580353e-02,1.027688014890036500e-01,-9.066432349374503596e-01,-4.024237295761767808e-01,-2.047528121765377906e-01,8.178630964649898083e-02,3.683273423692278586e-02,-2.631334727495016068e-02,-1.294959513262765594e-01,3.316228083068748500e-01,-3.316228083068734067e-01,3.700242882318772325e-02,9.296494679006436779e-02,1.066254401785450695e-01,1.137203026947110340e-01,-1.561126330406412133e-01
9.045340337332903324e-01,-8.136075919717027372e-01,-2.530782759720668018e+00,3.389632789260490942e+00,1.059609625987401715e+00,-3.001778414193364775e+00,2.307483235271867272e+00,-2.530782759720668018e+00,3.208201897539895153e+00,2.833847362747474286e+00,1.711763450714502754e+00,1.639684241401360154e+00,2.869620293449327342e+00,2.760677980835528622e+00,2.833033240200291125e+00,-3.926553578316730603e-02,3.806504793121683772e+00,2.847043325231638278e+00,3.222866216955249552e+00,2.786540939285042207e+00,4.955642666053859280e+00,-1.081855516488928748e+00,3.444491198830910594e+00,4.169891586932717331e+00,4.271240873535809612e+00,-7.350561412745798724e-03,4.848429691085389681e-01,-4.848429691085377469e-01,5.278623827426164539e+00,8.205255802058735171e+00,2.831003397039074443e+00,3.558230376047485599e+00,5.199947671588763809e-01
9.045340337332903324e-01,1.981324187703104311e-01,-1.300534617600807907e+00,-4.924209987431866775e-01,-1.770716466241177844e+00,4.222588409512968988e-01,-1.633356681086572948e+00,-1.300534617600807907e+00,-7.578789758783953667e-01,-6.990752855634321250e-01,-6.739695816402049289e-01,-6.766678816605943281e-01,-8.793553060618015671e-01,-7.241486975218894839e-01,-7.001287885959427415e-01,-9.816383945791825605e-01,-6.723139029523395038e-01,-6.980915713467830130e-01,-7.556831000689505640e-01,1.245139055798231364e+00,-6.515196286340474430e-01,3.806332592829843597e-01,-7.479059934497286344e-01,-3.939146583976338989e-01,-5.268093934798901978e-01,-4.982408449865000644e-01,-3.397078440651168374e-01,3.397078440651173925e-01,-4.398102795919863195e-01,-3.426092728880618110e-01,-6.938051850407459531e-01,-8.039208015351506642e-01,-6.343708607918392417e-01
9.045340337332903324e-01,-8.136075919717027372e-01,1.441574757004582090e-02,-3.864394099852842546e-01,-1.893598951383903273e-01,3.764095749669961466e-02,-5.266824579996093325e-01,1.441574757004582090e-02,-4.500547628857648474e-01,-3.968039619558125786e-01,-6.739695816402049289e-01,-6.766678816605943281e-01,2.756599705522928042e-03,-2.922724846527837220e-02,-3.972661553286899183e-01,5.889830367475095141e-01,-4.562305448084174042e-01,-3.969957217609468292e-01,-4.496772795116146804e-01,-4.578759109016022899e-02,-2.910030121637935951e-01,4.501340340919944838e-01,-4.383220560839156676e-01,-2.841882110642953707e-01,-4.662524085609250912e-01,7.426858331882864039e-01,1.073287006713053326e+00,-1.073287006713052660e+00,-3.109007874031307628e-01,-1.213014734606688155e-01,-3.974056182937477089e-01,-4.885692822967735438e-01,-4.857496677684407516e-01
9.045340337332903324e-01,-8.136075919717027372e-01,7.757028010900381965e-01,-1.382309208704493031e-01,8.078012547926873843e-01,3.190686770976307041e-01,6.609679277522414464e-01,7.757028010900381965e-01,6.379611029336196282e-02,6.837327363479221709e-02,-1.968229751692634200e-01,-2.133974570482035649e-01,8.848685054728473443e-01,8.292051297811237065e-01,6.748547763244977515e-02,-1.963276789158365232e-01,1.522405477832190074e-02,6.569882585895908678e-02,6.193010464243799140e-02,-7.768758155318342684e-01,-1.511059642234411360e-01,-2.047528121765377906e-01,4.927232093164996690e-02,-1.704876739644587413e-01,-2.208885087516140600e-01,-2.901883823342270574e-01,8.604613175660064117e-02,-8.604613175660014157e-02,-1.891588043418951093e-01,-1.499331579252302926e-01,6.744875011948149590e-02,7.097702044720620440e-02,-1.615489720383105898e-01
9.045340337332903324e-01,-8.136075919717027372e-01,1.423364921248864379e+00,1.814597114211623952e+00,2.157494124396365009e+00,-4.407861658248960479e-01,1.686665988174287367e+00,1.423364921248864379e+00,2.148289295520945608e+00,2.296718314190615118e+00,2.188910057185444291e+00,2.102954666013750806e+00,1.105396481914678430e+00,1.043813224342724055e+00,2.295960163760425221e+00,-2.238135539640536464e+00,1.881398511475831592e+00,2.286667655828173551e+00,2.138855151030797153e+00,-1.271360668539657679e+00,-2.351272590230455706e-01,-3.401965468410748983e+00,1.930291755720733748e+00,1.082378379346545350e+00,2.421557452538954269e+00,-5.640009232734632949e-01,-5.103369231841644593e-01,5.103369231841654585e-01,1.471188928463737389e+00,1.220761232496603732e+00,2.294247155503982061e+00,1.944454113186121047e+00,-7.523635462267198593e-01
